{ "columns":0,
 "margin":0,
 "name":"prototype_tiles",
 "spacing":0,
 "tilecount":9,
 "tileheight":48,
 "tiles":
    {
     "0":
        {
         "image":"..\/images\/grass.png"
        },
     "1":
        {
         "image":"..\/images\/blocking.png"
        },
     "10":
        {
         "image":"..\/images\/event.png"
        },
     "2":
        {
         "image":"..\/images\/column2.png"
        },
     "5":
        {
         "image":"..\/images\/column.png"
        },
     "6":
        {
         "image":"..\/images\/column-end.png"
        },
     "7":
        {
         "image":"..\/images\/rot90_column2.png"
        },
     "8":
        {
         "image":"..\/images\/rot90_column.png"
        },
     "9":
        {
         "image":"..\/images\/rot90_column-end.png"
        }
    },
 "tilewidth":48
}